threshold,FRR,FAR
0.0,0.0,1.0
0.002,0.0,1.0
0.004,0.0,1.0
0.006,0.0,1.0
0.008,0.0,1.0
0.01,0.0,1.0
0.012,0.0,1.0
0.014,0.0,1.0
0.016,0.0,1.0
0.018000000000000002,0.0,1.0
0.02,0.0,1.0
0.022,0.0,0.9997972424979724
0.024,0.0,0.9997972424979724
0.026000000000000002,0.0,0.9997972424979724
0.028,0.0,0.9997972424979724
0.03,0.0,0.9997972424979724
0.032,0.0,0.9993917274939172
0.034,0.0,0.9993917274939172
0.036000000000000004,0.0,0.9991889699918897
0.038,0.0,0.9991889699918897
0.04,0.0,0.9991889699918897
0.042,0.0,0.9987834549878345
0.044,0.0,0.9987834549878345
0.046,0.0,0.9977696674776967
0.048,0.0,0.9977696674776967
0.05,0.0,0.9977696674776967
0.052000000000000005,0.0008110300081103001,0.9967558799675588
0.054,0.0008110300081103001,0.9967558799675588
0.056,0.0008110300081103001,0.9951338199513382
0.058,0.0008110300081103001,0.9951338199513382
0.06,0.0008110300081103001,0.9951338199513382
0.062,0.0008110300081103001,0.9912814274128142
0.064,0.0008110300081103001,0.9912814274128142
0.066,0.0024330900243309003,0.9888483373884833
0.068,0.0024330900243309003,0.9888483373884833
0.07,0.0024330900243309003,0.9888483373884833
0.07200000000000001,0.004866180048661801,0.9845904298459043
0.074,0.004866180048661801,0.9845904298459043
0.076,0.009732360097323601,0.9787104622871047
0.078,0.009732360097323601,0.9787104622871047
0.08,0.009732360097323601,0.9787104622871047
0.082,0.016220600162206,0.9734387672343877
0.084,0.016220600162206,0.9734387672343877
0.08600000000000001,0.017842660178426603,0.9671532846715328
0.088,0.017842660178426603,0.9671532846715328
0.09,0.017842660178426603,0.9671532846715328
0.092,0.024330900243309004,0.958029197080292
0.094,0.024330900243309004,0.958029197080292
0.096,0.0332522303325223,0.9478913219789132
0.098,0.0332522303325223,0.9478913219789132
0.1,0.0332522303325223,0.9478913219789132
0.10200000000000001,0.040551500405515,0.9369424168694241
0.10400000000000001,0.040551500405515,0.9369424168694241
0.106,0.046228710462287104,0.9249797242497972
0.108,0.046228710462287104,0.9249797242497972
0.11,0.046228710462287104,0.9249797242497972
0.112,0.05596107055961071,0.9083536090835361
0.114,0.05596107055961071,0.9083536090835361
0.116,0.07137064071370641,0.8917274939172749
0.11800000000000001,0.07137064071370641,0.8917274939172749
0.12,0.07137064071370641,0.8917274939172749
0.122,0.0851581508515815,0.8736820762368208
0.124,0.0851581508515815,0.8736820762368208
0.126,0.10543390105433902,0.856853203568532
0.128,0.10543390105433902,0.856853203568532
0.13,0.10543390105433902,0.856853203568532
0.132,0.129764801297648,0.8353609083536091
0.134,0.129764801297648,0.8353609083536091
0.136,0.14517437145174372,0.8144768856447688
0.138,0.14517437145174372,0.8144768856447688
0.14,0.14517437145174372,0.8144768856447688
0.14200000000000002,0.16139497161394972,0.7923763179237632
0.14400000000000002,0.16139497161394972,0.7923763179237632
0.146,0.18815896188158962,0.764801297648013
0.148,0.18815896188158962,0.764801297648013
0.15,0.18815896188158962,0.764801297648013
0.152,0.21573398215733983,0.7345904298459043
0.154,0.21573398215733983,0.7345904298459043
0.156,0.23682076236820762,0.7076236820762368
0.158,0.23682076236820762,0.7076236820762368
0.16,0.23682076236820762,0.7076236820762368
0.162,0.26520681265206814,0.6780210867802109
0.164,0.26520681265206814,0.6780210867802109
0.166,0.2984590429845904,0.6449716139497161
0.168,0.2984590429845904,0.6449716139497161
0.17,0.2984590429845904,0.6449716139497161
0.17200000000000001,0.3398215733982157,0.6111111111111112
0.17400000000000002,0.3398215733982157,0.6111111111111112
0.176,0.36658556366585565,0.5851581508515815
0.178,0.36658556366585565,0.5851581508515815
0.18,0.36658556366585565,0.5851581508515815
0.182,0.40145985401459855,0.5508921330089214
0.184,0.40145985401459855,0.5508921330089214
0.186,0.42903487429034876,0.5192619626926196
0.188,0.42903487429034876,0.5192619626926196
0.19,0.42903487429034876,0.5192619626926196
0.192,0.45093268450932683,0.48905109489051096
0.194,0.45093268450932683,0.48905109489051096
0.196,0.48256285482562855,0.45944849959448497
0.198,0.48256285482562855,0.45944849959448497
0.2,0.48256285482562855,0.45944849959448497
0.202,0.5077047850770479,0.4282238442822384
0.20400000000000001,0.5077047850770479,0.4282238442822384
0.20600000000000002,0.5352798053527981,0.4024736415247364
0.20800000000000002,0.5352798053527981,0.4024736415247364
0.21,0.5352798053527981,0.4024736415247364
0.212,0.5644768856447688,0.3781427412814274
0.214,0.5644768856447688,0.3781427412814274
0.216,0.5969180859691808,0.3523925385239254
0.218,0.5969180859691808,0.3523925385239254
0.22,0.5969180859691808,0.3523925385239254
0.222,0.616382806163828,0.32522303325223034
0.224,0.616382806163828,0.32522303325223034
0.226,0.6455798864557989,0.30210867802108676
0.228,0.6455798864557989,0.30210867802108676
0.23,0.6455798864557989,0.30210867802108676
0.232,0.6682887266828873,0.2773722627737226
0.234,0.6682887266828873,0.2773722627737226
0.23600000000000002,0.6926196269261963,0.25770478507704786
0.23800000000000002,0.6926196269261963,0.25770478507704786
0.24,0.6926196269261963,0.25770478507704786
0.242,0.7177615571776156,0.23560421735604217
0.244,0.7177615571776156,0.23560421735604217
0.246,0.740470397404704,0.2159367396593674
0.248,0.740470397404704,0.2159367396593674
0.25,0.740470397404704,0.2159367396593674
0.252,0.7623682076236821,0.19383617193836172
0.254,0.7623682076236821,0.19383617193836172
0.256,0.7769667477696675,0.17497972424979724
0.258,0.7769667477696675,0.17497972424979724
0.26,0.7769667477696675,0.17497972424979724
0.262,0.7964314679643146,0.15794809407948093
0.264,0.7964314679643146,0.15794809407948093
0.266,0.813463098134631,0.1413219789132198
0.268,0.813463098134631,0.1413219789132198
0.27,0.813463098134631,0.1413219789132198
0.272,0.8304947283049473,0.128345498783455
0.274,0.8304947283049473,0.128345498783455
0.276,0.8467153284671532,0.11435523114355231
0.278,0.8467153284671532,0.11435523114355231
0.28,0.8467153284671532,0.11435523114355231
0.28200000000000003,0.8572587185725872,0.10218978102189781
0.28400000000000003,0.8572587185725872,0.10218978102189781
0.28600000000000003,0.8686131386861314,0.09205190592051905
0.28800000000000003,0.8686131386861314,0.09205190592051905
0.29,0.8686131386861314,0.09205190592051905
0.292,0.8767234387672344,0.08313057583130576
0.294,0.8767234387672344,0.08313057583130576
0.296,0.8896999188969992,0.07664233576642336
0.298,0.8896999188969992,0.07664233576642336
0.3,0.8896999188969992,0.07664233576642336
0.302,0.902676399026764,0.07096512570965126
0.304,0.902676399026764,0.07096512570965126
0.306,0.910786699107867,0.06366585563665855
0.308,0.910786699107867,0.06366585563665855
0.31,0.910786699107867,0.06366585563665855
0.312,0.9197080291970803,0.05879967558799676
0.314,0.9197080291970803,0.05879967558799676
0.316,0.9237631792376317,0.05373073803730738
0.318,0.9237631792376317,0.05373073803730738
0.32,0.9237631792376317,0.05373073803730738
0.322,0.9294403892944039,0.049067315490673155
0.324,0.9294403892944039,0.049067315490673155
0.326,0.9326845093268451,0.04460665044606651
0.328,0.9326845093268451,0.04460665044606651
0.33,0.9326845093268451,0.04460665044606651
0.332,0.9375506893755069,0.03852392538523925
0.334,0.9375506893755069,0.03852392538523925
0.336,0.9440389294403893,0.033049472830494725
0.338,0.9440389294403893,0.033049472830494725
0.34,0.9440389294403893,0.033049472830494725
0.342,0.9472830494728305,0.030616382806163828
0.34400000000000003,0.9472830494728305,0.030616382806163828
0.34600000000000003,0.9537712895377128,0.027169505271695052
0.34800000000000003,0.9537712895377128,0.027169505271695052
0.35000000000000003,0.959448499594485,0.025952960259529603
0.352,0.959448499594485,0.025952960259529603
0.354,0.959448499594485,0.025952960259529603
0.356,0.9618815896188159,0.02331711273317113
0.358,0.9618815896188159,0.02331711273317113
0.36,0.9618815896188159,0.02331711273317113
0.362,0.9651257096512571,0.021289537712895375
0.364,0.9651257096512571,0.021289537712895375
0.366,0.9683698296836983,0.018856447688564478
0.368,0.9683698296836983,0.018856447688564478
0.37,0.9683698296836983,0.018856447688564478
0.372,0.9708029197080292,0.016828872668288728
0.374,0.9708029197080292,0.016828872668288728
0.376,0.9724249797242498,0.01662611516626115
0.378,0.9724249797242498,0.01662611516626115
0.38,0.9724249797242498,0.01662611516626115
0.382,0.9748580697485807,0.015409570154095702
0.384,0.9748580697485807,0.015409570154095702
0.386,0.975669099756691,0.014598540145985401
0.388,0.975669099756691,0.014598540145985401
0.39,0.975669099756691,0.014598540145985401
0.392,0.9781021897810219,0.012773722627737226
0.394,0.9781021897810219,0.012773722627737226
0.396,0.9805352798053528,0.0113544201135442
0.398,0.9805352798053528,0.0113544201135442
0.4,0.9805352798053528,0.0113544201135442
0.402,0.9837793998377939,0.009732360097323601
0.404,0.9837793998377939,0.009732360097323601
0.406,0.9837793998377939,0.00851581508515815
0.40800000000000003,0.9837793998377939,0.00851581508515815
0.41000000000000003,0.9854014598540146,0.0072992700729927005
0.41200000000000003,0.9854014598540146,0.0072992700729927005
0.41400000000000003,0.9854014598540146,0.0072992700729927005
0.41600000000000004,0.9878345498783455,0.0062854825628548255
0.418,0.9878345498783455,0.0062854825628548255
0.42,0.9878345498783455,0.0062854825628548255
0.422,0.9878345498783455,0.005474452554744526
0.424,0.9878345498783455,0.005474452554744526
0.426,0.9886455798864558,0.004460665044606651
0.428,0.9886455798864558,0.004460665044606651
0.43,0.9886455798864558,0.004460665044606651
0.432,0.9902676399026764,0.0036496350364963502
0.434,0.9902676399026764,0.0036496350364963502
0.436,0.9927007299270073,0.0032441200324412004
0.438,0.9927007299270073,0.0032441200324412004
0.44,0.9927007299270073,0.0032441200324412004
0.442,0.9927007299270073,0.00283860502838605
0.444,0.9927007299270073,0.00283860502838605
0.446,0.9935117599351176,0.00283860502838605
0.448,0.9935117599351176,0.00283860502838605
0.45,0.9935117599351176,0.00283860502838605
0.452,0.9951338199513382,0.0024330900243309003
0.454,0.9951338199513382,0.0024330900243309003
0.456,0.9959448499594485,0.0022303325223033254
0.458,0.9959448499594485,0.0022303325223033254
0.46,0.9959448499594485,0.0022303325223033254
0.462,0.9959448499594485,0.00202757502027575
0.464,0.9959448499594485,0.00202757502027575
0.466,0.9959448499594485,0.0018248175182481751
0.468,0.9959448499594485,0.0018248175182481751
0.47000000000000003,0.9959448499594485,0.0018248175182481751
0.47200000000000003,0.9959448499594485,0.0018248175182481751
0.47400000000000003,0.9959448499594485,0.0018248175182481751
0.47600000000000003,0.9967558799675588,0.0018248175182481751
0.47800000000000004,0.9967558799675588,0.0018248175182481751
0.48,0.9967558799675588,0.0018248175182481751
0.482,0.9967558799675588,0.0016220600162206002
0.484,0.9967558799675588,0.0016220600162206002
0.486,0.9975669099756691,0.001419302514193025
0.488,0.9975669099756691,0.001419302514193025
0.49,0.9975669099756691,0.001419302514193025
0.492,0.9983779399837794,0.0008110300081103001
0.494,0.9983779399837794,0.0008110300081103001
0.496,0.9983779399837794,0.0006082725060827251
0.498,0.9983779399837794,0.0006082725060827251
0.5,0.9983779399837794,0.0006082725060827251
0.502,0.9991889699918897,0.0006082725060827251
0.504,0.9991889699918897,0.0006082725060827251
0.506,0.9991889699918897,0.0006082725060827251
0.508,0.9991889699918897,0.0006082725060827251
0.51,0.9991889699918897,0.0006082725060827251
0.512,0.9991889699918897,0.0006082725060827251
0.514,0.9991889699918897,0.0006082725060827251
0.516,0.9991889699918897,0.0006082725060827251
0.518,0.9991889699918897,0.0006082725060827251
0.52,0.9991889699918897,0.0006082725060827251
0.522,0.9991889699918897,0.0006082725060827251
0.524,0.9991889699918897,0.0006082725060827251
0.526,0.9991889699918897,0.0006082725060827251
0.528,0.9991889699918897,0.0006082725060827251
0.53,0.9991889699918897,0.0006082725060827251
0.532,0.9991889699918897,0.0006082725060827251
0.534,0.9991889699918897,0.0006082725060827251
0.536,1.0,0.0006082725060827251
0.538,1.0,0.0006082725060827251
0.54,1.0,0.0006082725060827251
0.542,1.0,0.00040551500405515005
0.544,1.0,0.00040551500405515005
0.546,1.0,0.00040551500405515005
0.548,1.0,0.00040551500405515005
0.55,1.0,0.00040551500405515005
0.552,1.0,0.00040551500405515005
0.554,1.0,0.00040551500405515005
0.556,1.0,0.00040551500405515005
0.558,1.0,0.00040551500405515005
0.56,1.0,0.00040551500405515005
0.562,1.0,0.00020275750202757503
0.5640000000000001,1.0,0.00020275750202757503
0.5660000000000001,1.0,0.00020275750202757503
0.5680000000000001,1.0,0.00020275750202757503
0.5700000000000001,1.0,0.00020275750202757503
0.5720000000000001,1.0,0.00020275750202757503
0.5740000000000001,1.0,0.00020275750202757503
0.5760000000000001,1.0,0.00020275750202757503
0.578,1.0,0.00020275750202757503
0.58,1.0,0.00020275750202757503
0.582,1.0,0.00020275750202757503
0.584,1.0,0.00020275750202757503
0.586,1.0,0.0
0.588,1.0,0.0
0.59,1.0,0.0
0.592,1.0,0.0
0.594,1.0,0.0
0.596,1.0,0.0
0.598,1.0,0.0
0.6,1.0,0.0
0.602,1.0,0.0
0.604,1.0,0.0
0.606,1.0,0.0
0.608,1.0,0.0
0.61,1.0,0.0
0.612,1.0,0.0
0.614,1.0,0.0
0.616,1.0,0.0
0.618,1.0,0.0
0.62,1.0,0.0
0.622,1.0,0.0
0.624,1.0,0.0
0.626,1.0,0.0
0.628,1.0,0.0
0.63,1.0,0.0
0.632,1.0,0.0
0.634,1.0,0.0
0.636,1.0,0.0
0.638,1.0,0.0
0.64,1.0,0.0
0.642,1.0,0.0
0.644,1.0,0.0
0.646,1.0,0.0
0.648,1.0,0.0
0.65,1.0,0.0
0.652,1.0,0.0
0.654,1.0,0.0
0.656,1.0,0.0
0.658,1.0,0.0
0.66,1.0,0.0
0.662,1.0,0.0
0.664,1.0,0.0
0.666,1.0,0.0
0.668,1.0,0.0
0.67,1.0,0.0
0.672,1.0,0.0
0.674,1.0,0.0
0.676,1.0,0.0
0.678,1.0,0.0
0.68,1.0,0.0
0.682,1.0,0.0
0.684,1.0,0.0
0.686,1.0,0.0
0.6880000000000001,1.0,0.0
0.6900000000000001,1.0,0.0
0.6920000000000001,1.0,0.0
0.6940000000000001,1.0,0.0
0.6960000000000001,1.0,0.0
0.6980000000000001,1.0,0.0
0.7000000000000001,1.0,0.0
0.7020000000000001,1.0,0.0
0.704,1.0,0.0
0.706,1.0,0.0
0.708,1.0,0.0
0.71,1.0,0.0
0.712,1.0,0.0
0.714,1.0,0.0
0.716,1.0,0.0
0.718,1.0,0.0
0.72,1.0,0.0
0.722,1.0,0.0
0.724,1.0,0.0
0.726,1.0,0.0
0.728,1.0,0.0
0.73,1.0,0.0
0.732,1.0,0.0
0.734,1.0,0.0
0.736,1.0,0.0
0.738,1.0,0.0
0.74,1.0,0.0
0.742,1.0,0.0
0.744,1.0,0.0
0.746,1.0,0.0
0.748,1.0,0.0
0.75,1.0,0.0
0.752,1.0,0.0
0.754,1.0,0.0
0.756,1.0,0.0
0.758,1.0,0.0
0.76,1.0,0.0
0.762,1.0,0.0
0.764,1.0,0.0
0.766,1.0,0.0
0.768,1.0,0.0
0.77,1.0,0.0
0.772,1.0,0.0
0.774,1.0,0.0
0.776,1.0,0.0
0.778,1.0,0.0
0.78,1.0,0.0
0.782,1.0,0.0
0.784,1.0,0.0
0.786,1.0,0.0
0.788,1.0,0.0
0.79,1.0,0.0
0.792,1.0,0.0
0.794,1.0,0.0
0.796,1.0,0.0
0.798,1.0,0.0
0.8,1.0,0.0
0.802,1.0,0.0
0.804,1.0,0.0
0.806,1.0,0.0
0.808,1.0,0.0
0.81,1.0,0.0
0.812,1.0,0.0
0.8140000000000001,1.0,0.0
0.8160000000000001,1.0,0.0
0.8180000000000001,1.0,0.0
0.8200000000000001,1.0,0.0
0.8220000000000001,1.0,0.0
0.8240000000000001,1.0,0.0
0.8260000000000001,1.0,0.0
0.8280000000000001,1.0,0.0
0.8300000000000001,1.0,0.0
0.8320000000000001,1.0,0.0
0.834,1.0,0.0
0.836,1.0,0.0
0.838,1.0,0.0
0.84,1.0,0.0
0.842,1.0,0.0
0.844,1.0,0.0
0.846,1.0,0.0
0.848,1.0,0.0
0.85,1.0,0.0
0.852,1.0,0.0
0.854,1.0,0.0
0.856,1.0,0.0
0.858,1.0,0.0
0.86,1.0,0.0
0.862,1.0,0.0
0.864,1.0,0.0
0.866,1.0,0.0
0.868,1.0,0.0
0.87,1.0,0.0
0.872,1.0,0.0
0.874,1.0,0.0
0.876,1.0,0.0
0.878,1.0,0.0
0.88,1.0,0.0
0.882,1.0,0.0
0.884,1.0,0.0
0.886,1.0,0.0
0.888,1.0,0.0
0.89,1.0,0.0
0.892,1.0,0.0
0.894,1.0,0.0
0.896,1.0,0.0
0.898,1.0,0.0
0.9,1.0,0.0
0.902,1.0,0.0
0.904,1.0,0.0
0.906,1.0,0.0
0.908,1.0,0.0
0.91,1.0,0.0
0.912,1.0,0.0
0.914,1.0,0.0
0.916,1.0,0.0
0.918,1.0,0.0
0.92,1.0,0.0
0.922,1.0,0.0
0.924,1.0,0.0
0.926,1.0,0.0
0.928,1.0,0.0
0.93,1.0,0.0
0.932,1.0,0.0
0.934,1.0,0.0
0.936,1.0,0.0
0.9380000000000001,1.0,0.0
0.9400000000000001,1.0,0.0
0.9420000000000001,1.0,0.0
0.9440000000000001,1.0,0.0
0.9460000000000001,1.0,0.0
0.9480000000000001,1.0,0.0
0.9500000000000001,1.0,0.0
0.9520000000000001,1.0,0.0
0.9540000000000001,1.0,0.0
0.9560000000000001,1.0,0.0
0.9580000000000001,1.0,0.0
0.96,1.0,0.0
0.962,1.0,0.0
0.964,1.0,0.0
0.966,1.0,0.0
0.968,1.0,0.0
0.97,1.0,0.0
0.972,1.0,0.0
0.974,1.0,0.0
0.976,1.0,0.0
0.978,1.0,0.0
0.98,1.0,0.0
0.982,1.0,0.0
0.984,1.0,0.0
0.986,1.0,0.0
0.988,1.0,0.0
0.99,1.0,0.0
0.992,1.0,0.0
0.994,1.0,0.0
0.996,1.0,0.0
0.998,1.0,0.0
1.0,1.0,0.0
